{
  "cluster_centers": [
    [
      101.90735172413792,
      127.94162758620689,
      131.9489793103448
    ],
    [
      202.64890666666668,
      127.44658666666666,
      130.16586666666666
    ],
    [
      145.93266,
      127.52964,
      130.32193999999998
    ]
  ],
  "empty_cluster": 2,
  "light_cluster": 1,
  "dark_cluster": 0,
  "empty_samples_mean": [
    154.105125,
    127.6280625,
    129.75826250000003
  ],
  "empty_samples_std": [
    43.54717287579499,
    0.39771176886502657,
    1.2555613509875763
  ]
}